{"Basic Information":{"Username":"archcowboy","Name":"Charles Brant","Creation Date":"2020-01-24 15:16:08 UTC"},"Device Information":{"Make":"Apple","Model ID":"iPhone14,5","Model Name":"iPhone 13","User Agent":"","Language":"en","OS Type":"iOS","OS Version":"iOS 16.4.1","Connection Type":"WIFI, CELL"},"Device History":[{"Make":"Apple","Model":"iPhone14,5","Start Time":"2023-04-03 12:00:00 UTC","Device Type":"PHONE"},{"Make":"Apple","Model":"iPhone10,4","Start Time":"2020-01-24 15:00:00 UTC","Device Type":"PHONE"}],"Privacy Policy and Terms of Service Acceptance History":[],"Custom Creative Tools Terms":[],"Login History":[{"IP":"99.58.3.200","Country":"US","Created":"2023-05-20 07:21:00 UTC","Status":"success","Device":"Mozilla/5.0 (iPhone; CPU iPhone OS 16_4_1 like Mac OS X) AppleWebKit/605.1.15 (KHTML, like Gecko) Version/16.4 Mobile/15E148 Safari/604.1"},{"IP":"99.58.3.200","Country":"US","Created":"2023-05-20 07:13:30 UTC","Status":"success","Device":"Mozilla/5.0 (iPhone; CPU iPhone OS 16_4 like Mac OS X) AppleWebKit/605.1.15 (KHTML, like Gecko) CriOS/113.0.5672.69 Mobile/15E148 Safari/604.1"},{"IP":"99.58.3.200","Country":"US","Created":"2023-05-20 07:02:47 UTC","Status":"success","Device":"Mozilla/5.0 (iPhone; CPU iPhone OS 16_4_1 like Mac OS X) AppleWebKit/605.1.15 (KHTML, like Gecko) Mobile/15E148"},{"IP":"99.58.3.200","Country":"US","Created":"2023-04-03 12:00:18 UTC","Status":"success","Device":"Snapchat/12.27.0.37 (iPhone14,5; iOS 16.4; gzip) grpc-c++/1.33.2 grpc-c/13.0.0 (ios; cronet_http)"}],"Family Center":[]}