{"Email Campaign Subscriptions":[{"Email Campaign":"Creative Effects","Opt Out Status":""},{"Email Campaign":"Product Updates","Opt Out Status":""},{"Email Campaign":"Discover Updates","Opt Out Status":""},{"Email Campaign":"Research Surveys","Opt Out Status":""},{"Email Campaign":"Lens Studio","Opt Out Status":""},{"Email Campaign":"Developer Platform Update","Opt Out Status":""},{"Email Campaign":"Friending","Opt Out Status":""}],"Email Campaign History":[{"Email Subject":"Say Hi to My AI","Date":"2023-05-07 18:33:33 UTC"}]}