{"Friends":[{"Username":"carmpit122","Display Name":"Carmelia","Creation Timestamp":"2020-07-06 20:22:14 UTC","Last Modified Timestamp":"2020-09-11 23:40:55 UTC","Source":"added by username"},{"Username":"kayleakau_14","Display Name":"Kaylea Wilson","Creation Timestamp":"2021-09-29 02:35:25 UTC","Last Modified Timestamp":"2021-09-29 02:35:25 UTC","Source":"added by shared story"},{"Username":"freexpirit","Display Name":"Xristofer Crowder","Creation Timestamp":"2020-01-30 21:45:59 UTC","Last Modified Timestamp":"2020-01-30 21:45:59 UTC","Source":"added by added me back"},{"Username":"archboy1964","Display Name":"Gary Rademacher","Creation Timestamp":"2021-11-12 17:55:04 UTC","Last Modified Timestamp":"2021-11-12 17:55:04 UTC","Source":"added by username"},{"Username":"myai","Display Name":"My AI","Creation Timestamp":"2023-04-21 02:49:45 UTC","Last Modified Timestamp":"2023-04-21 02:49:45 UTC","Source":"added by unknown"},{"Username":"realgrefaldon","Display Name":"Jonathan Grefaldon","Creation Timestamp":"2021-04-09 23:11:09 UTC","Last Modified Timestamp":"2021-04-09 23:11:09 UTC","Source":"added by added me back"},{"Username":"teamsnapchat","Display Name":"Team Snapchat","Creation Timestamp":"2020-01-24 15:16:09 UTC","Last Modified Timestamp":"2020-01-24 15:16:09 UTC","Source":"added by unknown"},{"Username":"archcowboy","Display Name":"Charles Brant","Creation Timestamp":"2020-01-24 15:16:09 UTC","Last Modified Timestamp":"2020-01-24 15:16:09 UTC","Source":"added by unknown"},{"Username":"bschmidt231","Display Name":"Blanche Schmidt","Creation Timestamp":"2021-10-05 02:48:30 UTC","Last Modified Timestamp":"2021-10-05 02:48:30 UTC","Source":"added by added me back"},{"Username":"kmad1327","Display Name":"Kirk Madison","Creation Timestamp":"2020-04-11 15:09:31 UTC","Last Modified Timestamp":"2020-04-11 15:09:31 UTC","Source":"added by added me back"},{"Username":"malia_n20","Display Name":"Malia Nix","Creation Timestamp":"2020-01-29 05:11:05 UTC","Last Modified Timestamp":"2020-01-29 05:11:05 UTC","Source":"added by suggested"},{"Username":"noahuwing","Display Name":"Noah🛸","Creation Timestamp":"2020-01-27 13:49:56 UTC","Last Modified Timestamp":"2020-01-27 13:49:56 UTC","Source":"added by shared username"},{"Username":"daniekent","Display Name":"Danielle Kent (Brown)","Creation Timestamp":"2020-03-06 22:53:09 UTC","Last Modified Timestamp":"2020-03-06 22:53:09 UTC","Source":"added by added me back"},{"Username":"quizshow","Display Name":"Qeturah Williams","Creation Timestamp":"2021-12-03 17:12:51 UTC","Last Modified Timestamp":"2021-12-03 17:12:51 UTC","Source":"added by suggested"},{"Username":"guitarchitect77","Display Name":"Adam St. Cyr","Creation Timestamp":"2020-03-05 18:42:27 UTC","Last Modified Timestamp":"2020-03-05 18:42:27 UTC","Source":"added by username"},{"Username":"deadly_jeddly","Display Name":"Jedd","Creation Timestamp":"2021-12-06 18:15:38 UTC","Last Modified Timestamp":"2021-12-06 18:15:38 UTC","Source":"added by shared story"},{"Username":"chine7665","Display Name":"Andrew Cline","Creation Timestamp":"2020-01-26 20:29:49 UTC","Last Modified Timestamp":"2020-01-26 20:29:49 UTC","Source":"added by suggested"},{"Username":"bdbrown88","Display Name":"Beaux Brown","Creation Timestamp":"2020-02-06 12:42:44 UTC","Last Modified Timestamp":"2020-02-06 12:42:44 UTC","Source":"added by added me back"},{"Username":"mazerunner347","Display Name":"Joe Brant","Creation Timestamp":"2020-01-26 20:29:59 UTC","Last Modified Timestamp":"2022-11-08 00:54:59 UTC","Source":"added by suggested"},{"Username":"kelso90210","Display Name":"Kelly Hammann","Creation Timestamp":"2022-07-03 17:22:46 UTC","Last Modified Timestamp":"2022-07-06 01:07:38 UTC","Source":"added by suggested"},{"Username":"deonamarrie","Display Name":"Deona Koepp","Creation Timestamp":"2021-12-30 02:44:23 UTC","Last Modified Timestamp":"2022-09-16 17:44:46 UTC","Source":"added by shared story"}],"Friend Requests Sent":[],"Blocked Users":[{"Username":"bellaflhc","Display Name":"","Creation Timestamp":"2023-05-27 01:54:10 UTC","Last Modified Timestamp":"2023-05-27 01:54:10 UTC","Source":"added by unknown"},{"Username":"sec731","Display Name":"","Creation Timestamp":"2023-05-27 01:55:21 UTC","Last Modified Timestamp":"2023-05-27 01:55:21 UTC","Source":"added by unknown"},{"Username":"joanv20225626","Display Name":"","Creation Timestamp":"2022-10-15 01:14:57 UTC","Last Modified Timestamp":"2022-10-15 01:14:57 UTC","Source":"added by unknown"},{"Username":"jennsusan","Display Name":"J J","Creation Timestamp":"2020-05-27 16:26:52 UTC","Last Modified Timestamp":"2023-05-27 01:55:12 UTC","Source":"added by added me back"},{"Username":"sjb0831","Display Name":"sharon","Creation Timestamp":"2020-10-20 03:11:28 UTC","Last Modified Timestamp":"2023-05-27 01:54:55 UTC","Source":"added by added me back"},{"Username":"e_badger8643","Display Name":"","Creation Timestamp":"2023-05-27 01:55:47 UTC","Last Modified Timestamp":"2023-05-27 01:55:47 UTC","Source":"added by unknown"},{"Username":"margiej75","Display Name":"margie","Creation Timestamp":"2020-05-25 04:29:27 UTC","Last Modified Timestamp":"2023-05-27 01:55:17 UTC","Source":"added by deep link"},{"Username":"amandaray202139","Display Name":"Amanda Ray","Creation Timestamp":"2023-02-08 14:07:00 UTC","Last Modified Timestamp":"2023-05-27 01:54:21 UTC","Source":"added by added me back"},{"Username":"s_zuckerman2127","Display Name":"","Creation Timestamp":"2023-05-27 01:55:28 UTC","Last Modified Timestamp":"2023-05-27 01:55:28 UTC","Source":"added by unknown"},{"Username":"lexxxatherese","Display Name":"","Creation Timestamp":"2023-05-27 01:54:48 UTC","Last Modified Timestamp":"2023-05-27 01:54:48 UTC","Source":"added by unknown"},{"Username":"susanjstewart21","Display Name":"","Creation Timestamp":"2023-05-27 01:55:37 UTC","Last Modified Timestamp":"2023-05-27 01:55:37 UTC","Source":"added by unknown"},{"Username":"tracy8501","Display Name":"Tracy","Creation Timestamp":"2020-10-16 00:30:47 UTC","Last Modified Timestamp":"2023-05-27 01:55:07 UTC","Source":"added by added me back"}],"Deleted Friends":[{"Username":"stephen.roy13","Display Name":"Stephen Roy","Creation Timestamp":"2020-05-07 22:51:57 UTC","Last Modified Timestamp":"2023-05-25 00:33:32 UTC","Source":"added by group chat"},{"Username":"westpast","Display Name":"Bella ❤","Creation Timestamp":"2023-02-08 14:07:00 UTC","Last Modified Timestamp":"2023-02-19 13:48:11 UTC","Source":"added by added me back"},{"Username":"nicki6","Display Name":"Nicki Guidone","Creation Timestamp":"2021-12-17 17:56:47 UTC","Last Modified Timestamp":"2023-05-20 21:52:21 UTC","Source":"added by added me back"},{"Username":"mdsnwlkr","Display Name":"Madison  Walker","Creation Timestamp":"2021-10-28 14:51:37 UTC","Last Modified Timestamp":"2023-05-20 21:52:46 UTC","Source":"added by username"},{"Username":"dailygriffins00","Display Name":"Daily Griffins","Creation Timestamp":"2023-05-22 01:25:34 UTC","Last Modified Timestamp":"2023-05-22 01:25:34 UTC","Source":"added from spotlight"},{"Username":"eliza0620","Display Name":"Elizabeth","Creation Timestamp":"2020-05-07 22:51:58 UTC","Last Modified Timestamp":"2023-05-20 22:01:28 UTC","Source":"added by group chat"},{"Username":"acollen14","Display Name":"Amanda","Creation Timestamp":"2021-01-31 04:06:01 UTC","Last Modified Timestamp":"2023-05-20 22:00:37 UTC","Source":"added by group chat"},{"Username":"adorableaj","Display Name":"AJ Sivakumar","Creation Timestamp":"2020-03-27 14:37:49 UTC","Last Modified Timestamp":"2023-05-25 00:32:51 UTC","Source":"added by added me back"},{"Username":"daniekent05","Display Name":"","Creation Timestamp":"2021-04-10 01:20:37 UTC","Last Modified Timestamp":"2023-05-20 22:01:08 UTC","Source":"added by added me back"},{"Username":"jespees","Display Name":"jespees","Creation Timestamp":"2020-01-25 18:22:22 UTC","Last Modified Timestamp":"2023-05-25 06:00:50 UTC","Source":"added by added me back"},{"Username":"dmmc.21","Display Name":"Dawn Mc","Creation Timestamp":"2020-05-20 00:29:30 UTC","Last Modified Timestamp":"2023-04-15 17:40:23 UTC","Source":"added by added me back"},{"Username":"longhornchick13","Display Name":"Sarah Wheeler","Creation Timestamp":"2020-01-30 18:16:07 UTC","Last Modified Timestamp":"2023-04-15 17:41:09 UTC","Source":"added by added me back"},{"Username":"valerie4campbel","Display Name":"Valerie Campbell","Creation Timestamp":"2022-09-21 21:03:30 UTC","Last Modified Timestamp":"2023-04-15 17:41:32 UTC","Source":"added by added me back"},{"Username":"missstig14","Display Name":"Krista","Creation Timestamp":"2020-02-13 04:34:02 UTC","Last Modified Timestamp":"2023-04-15 17:39:51 UTC","Source":"added by added me back"},{"Username":"angela_haack","Display Name":"Angela Haack","Creation Timestamp":"2022-05-03 22:35:01 UTC","Last Modified Timestamp":"2023-05-20 22:00:24 UTC","Source":"added by username"},{"Username":"catmdalton","Display Name":"Catherine Dalton","Creation Timestamp":"2020-01-26 20:29:45 UTC","Last Modified Timestamp":"2023-05-20 07:45:41 UTC","Source":"added by suggested"},{"Username":"marlizrowe2","Display Name":"Maria Rowe","Creation Timestamp":"2023-02-08 02:05:05 UTC","Last Modified Timestamp":"2023-05-20 07:45:54 UTC","Source":"added by added me back"},{"Username":"brgrammier","Display Name":"Brooke","Creation Timestamp":"2021-04-02 18:28:09 UTC","Last Modified Timestamp":"2023-05-20 21:49:26 UTC","Source":"added by username"},{"Username":"carriejeane01","Display Name":"Carrie Hall Shaw","Creation Timestamp":"2020-01-26 03:48:40 UTC","Last Modified Timestamp":"2023-05-20 21:50:25 UTC","Source":"added by added me back"},{"Username":"kimadewell65","Display Name":"Kim Madewell","Creation Timestamp":"2022-08-17 01:49:26 UTC","Last Modified Timestamp":"2023-04-15 17:41:25 UTC","Source":"added by added me back"},{"Username":"emma.holland","Display Name":"Emma Holland","Creation Timestamp":"2021-12-17 17:53:59 UTC","Last Modified Timestamp":"2023-05-20 22:01:22 UTC","Source":"added by qr code"},{"Username":"mandy-licious","Display Name":"Mandy White","Creation Timestamp":"2022-05-26 11:04:40 UTC","Last Modified Timestamp":"2023-05-20 22:01:56 UTC","Source":"added by suggested"},{"Username":"efroz","Display Name":"Em Froese","Creation Timestamp":"2020-05-07 23:48:10 UTC","Last Modified Timestamp":"2023-05-20 22:01:16 UTC","Source":"added by group chat"},{"Username":"jenroysdon","Display Name":"Jen Roysdon","Creation Timestamp":"2020-07-28 00:39:33 UTC","Last Modified Timestamp":"2023-05-20 21:51:59 UTC","Source":"added by added me back"},{"Username":"sofiafranklyn","Display Name":"SofiaFranklyn","Creation Timestamp":"2020-03-02 02:55:17 UTC","Last Modified Timestamp":"2020-07-15 22:39:15 UTC","Source":"added by story chrome"},{"Username":"anita_rei","Display Name":"Rei of Sunshine","Creation Timestamp":"2020-01-27 13:21:10 UTC","Last Modified Timestamp":"2023-05-20 21:52:34 UTC","Source":"added by added me back"},{"Username":"alpharomeo04","Display Name":"Analisa Reyes ✈️","Creation Timestamp":"2020-04-07 11:10:31 UTC","Last Modified Timestamp":"2023-04-15 17:40:50 UTC","Source":"added by added me back"},{"Username":"mdenison119","Display Name":"Marilyn Denison","Creation Timestamp":"2020-06-15 02:53:31 UTC","Last Modified Timestamp":"2023-05-20 21:52:53 UTC","Source":"added by added me back"},{"Username":"duraiya.khan","Display Name":"duh_ray_uh ⚪","Creation Timestamp":"2020-08-20 02:54:37 UTC","Last Modified Timestamp":"2023-05-20 21:51:13 UTC","Source":"added by group chat"},{"Username":"brianjohnso7181","Display Name":"Brian Johnson","Creation Timestamp":"2022-12-05 22:11:01 UTC","Last Modified Timestamp":"2023-05-25 00:32:33 UTC","Source":"added by added me back"},{"Username":"imhannah","Display Name":"Hannah Rubin","Creation Timestamp":"2020-06-15 03:09:20 UTC","Last Modified Timestamp":"2023-05-20 21:51:27 UTC","Source":"added by group chat"},{"Username":"drdarin","Display Name":"Darin Jolly","Creation Timestamp":"2022-05-26 11:04:49 UTC","Last Modified Timestamp":"2023-05-20 22:00:51 UTC","Source":"added by added me back"},{"Username":"dalskyprincess","Display Name":"Jewels Hunt","Creation Timestamp":"2020-01-26 03:49:58 UTC","Last Modified Timestamp":"2023-04-15 17:40:10 UTC","Source":"added by username"},{"Username":"ashleybrockette","Display Name":"Ashley Brockette","Creation Timestamp":"2020-01-31 21:29:23 UTC","Last Modified Timestamp":"2023-05-25 06:01:31 UTC","Source":"added by suggested"},{"Username":"ashley.kc","Display Name":"Ashley Cross","Creation Timestamp":"2020-01-25 18:02:28 UTC","Last Modified Timestamp":"2023-04-15 17:39:25 UTC","Source":"added by added me back"},{"Username":"melindariverara","Display Name":"Melinda Rivera Ramirez","Creation Timestamp":"2020-09-18 12:16:30 UTC","Last Modified Timestamp":"2023-04-15 17:40:01 UTC","Source":"added by added me back"},{"Username":"alexxxcooper","Display Name":"Alexandra Cooper","Creation Timestamp":"2020-03-02 02:54:23 UTC","Last Modified Timestamp":"2023-04-15 17:38:47 UTC","Source":"added by story chrome"},{"Username":"sk_topgolf","Display Name":"Top Golf","Creation Timestamp":"2023-05-22 06:27:08 UTC","Last Modified Timestamp":"2023-05-22 06:30:27 UTC","Source":"added by subscription"},{"Username":"brieloe","Display Name":"Briana","Creation Timestamp":"2021-12-17 17:56:46 UTC","Last Modified Timestamp":"2023-05-20 21:50:07 UTC","Source":"added by added me back"},{"Username":"jenniferann010","Display Name":"Jennifer","Creation Timestamp":"2020-05-07 22:51:58 UTC","Last Modified Timestamp":"2023-04-15 17:41:50 UTC","Source":"added by group chat"},{"Username":"dkendrick54","Display Name":"Diana Kendrick","Creation Timestamp":"2021-11-23 00:25:13 UTC","Last Modified Timestamp":"2023-05-25 00:33:07 UTC","Source":"added by added me back"}],"Hidden Friend Suggestions":[{"Username":"jkfancher","Display Name":"Jarod Fancher","Creation Timestamp":"","Last Modified Timestamp":"","Source":"added by unknown"},{"Username":"catherine_lane1","Display Name":"Catherine Lane","Creation Timestamp":"","Last Modified Timestamp":"","Source":"added by unknown"},{"Username":"jnastyswag","Display Name":"Jess 😳🤟🏼","Creation Timestamp":"","Last Modified Timestamp":"","Source":"added by unknown"},{"Username":"jacehumble_1","Display Name":"Jace Humble","Creation Timestamp":"","Last Modified Timestamp":"","Source":"added by unknown"},{"Username":"chavez4","Display Name":"Nathan Chavez","Creation Timestamp":"","Last Modified Timestamp":"","Source":"added by unknown"},{"Username":"daviddoyle46","Display Name":"David","Creation Timestamp":"","Last Modified Timestamp":"","Source":"added by unknown"},{"Username":"andyrains","Display Name":"Andy Rains","Creation Timestamp":"","Last Modified Timestamp":"","Source":"added by unknown"},{"Username":"watsongage","Display Name":"Gage Watson","Creation Timestamp":"","Last Modified Timestamp":"","Source":"added by unknown"},{"Username":"toliver6680","Display Name":"Tina","Creation Timestamp":"","Last Modified Timestamp":"","Source":"added by unknown"},{"Username":"phamd8167","Display Name":"Donnie Pham","Creation Timestamp":"","Last Modified Timestamp":"","Source":"added by unknown"},{"Username":"goodeshan","Display Name":"Shannon Goode","Creation Timestamp":"","Last Modified Timestamp":"","Source":"added by unknown"},{"Username":"jgundling","Display Name":"Johny Agun","Creation Timestamp":"","Last Modified Timestamp":"","Source":"added by unknown"},{"Username":"joe_c9202","Display Name":"Bro","Creation Timestamp":"","Last Modified Timestamp":"","Source":"added by unknown"},{"Username":"feaskai","Display Name":"Feaskai","Creation Timestamp":"","Last Modified Timestamp":"","Source":"added by unknown"},{"Username":"sec731","Display Name":"Stefanie","Creation Timestamp":"","Last Modified Timestamp":"","Source":"added by unknown"},{"Username":"ebone_sanders","Display Name":"ElbowKnee💋💸🤟🏾✨","Creation Timestamp":"","Last Modified Timestamp":"","Source":"added by unknown"},{"Username":"d.bohon","Display Name":"Destiny Bohon","Creation Timestamp":"","Last Modified Timestamp":"","Source":"added by unknown"},{"Username":"iandaub","Display Name":"Ian","Creation Timestamp":"","Last Modified Timestamp":"","Source":"added by unknown"},{"Username":"dodgermonks","Display Name":"Dodger Monks","Creation Timestamp":"","Last Modified Timestamp":"","Source":"added by unknown"},{"Username":"pxstin","Display Name":"Pastin ✨","Creation Timestamp":"","Last Modified Timestamp":"","Source":"added by unknown"},{"Username":"brettbridges32","Display Name":"Bbridges","Creation Timestamp":"","Last Modified Timestamp":"","Source":"added by unknown"},{"Username":"king_kingmason","Display Name":"Mason King","Creation Timestamp":"","Last Modified Timestamp":"","Source":"added by unknown"},{"Username":"the2pidest1","Display Name":"Noah","Creation Timestamp":"","Last Modified Timestamp":"","Source":"added by unknown"}],"Ignored Snapchatters":[{"Username":"jenny224760","Display Name":"Jenny Tracey","Creation Timestamp":"2022-11-02 08:48:41 UTC","Last Modified Timestamp":"2022-11-02 08:48:41 UTC","Source":"added by unknown"},{"Username":"ashley.kc","Display Name":"Ashley Cross","Creation Timestamp":"2020-01-25 13:05:27 UTC","Last Modified Timestamp":"2020-01-25 13:05:27 UTC","Source":"added by unknown"},{"Username":"brieloe","Display Name":"Briana","Creation Timestamp":"2021-12-17 17:56:14 UTC","Last Modified Timestamp":"2021-12-17 17:56:14 UTC","Source":"added by unknown"},{"Username":"stephen.roy13","Display Name":"Stephen Roy","Creation Timestamp":"2020-05-07 23:45:54 UTC","Last Modified Timestamp":"2020-05-07 23:45:54 UTC","Source":"added by unknown"},{"Username":"adorableaj","Display Name":"AJ Sivakumar","Creation Timestamp":"2020-03-27 14:35:09 UTC","Last Modified Timestamp":"2020-03-27 14:35:09 UTC","Source":"added by unknown"},{"Username":"hermilan2jp","Display Name":"Deedee Kiyoko","Creation Timestamp":"2022-05-20 17:33:02 UTC","Last Modified Timestamp":"2022-05-20 17:33:02 UTC","Source":"added by unknown"},{"Username":"cheese3945","Display Name":"Cheese","Creation Timestamp":"2022-06-13 15:48:08 UTC","Last Modified Timestamp":"2022-06-13 15:48:08 UTC","Source":"added by unknown"},{"Username":"luna.kyxscz","Display Name":"Luna","Creation Timestamp":"2023-04-20 05:57:53 UTC","Last Modified Timestamp":"2023-04-20 05:57:53 UTC","Source":"added by unknown"},{"Username":"cynthia_t3055","Display Name":"Cynthia Tittle","Creation Timestamp":"2022-01-07 19:53:26 UTC","Last Modified Timestamp":"2022-01-07 19:53:26 UTC","Source":"added by unknown"},{"Username":"brgrammier","Display Name":"Brooke","Creation Timestamp":"2021-04-02 18:57:35 UTC","Last Modified Timestamp":"2021-04-02 18:57:35 UTC","Source":"added by unknown"},{"Username":"jenroysdon","Display Name":"Jen Roysdon","Creation Timestamp":"2020-07-27 23:53:50 UTC","Last Modified Timestamp":"2020-07-27 23:53:50 UTC","Source":"added by unknown"},{"Username":"carriejeane01","Display Name":"Carrie Hall Shaw","Creation Timestamp":"2020-01-26 03:48:04 UTC","Last Modified Timestamp":"2020-01-26 03:48:04 UTC","Source":"added by unknown"},{"Username":"longhornchick13","Display Name":"Sarah Wheeler","Creation Timestamp":"2020-01-30 18:15:09 UTC","Last Modified Timestamp":"2020-01-30 18:15:09 UTC","Source":"added by unknown"},{"Username":"valerie4campbel","Display Name":"Valerie Campbell","Creation Timestamp":"2022-09-20 13:08:47 UTC","Last Modified Timestamp":"2022-09-20 13:08:47 UTC","Source":"added by unknown"},{"Username":"carmelanort6972","Display Name":"Carmela North","Creation Timestamp":"2022-10-31 01:25:50 UTC","Last Modified Timestamp":"2022-10-31 01:25:50 UTC","Source":"added by unknown"},{"Username":"brianjohnso7181","Display Name":"Brian Johnson","Creation Timestamp":"2022-12-05 14:34:59 UTC","Last Modified Timestamp":"2022-12-05 14:34:59 UTC","Source":"added by unknown"},{"Username":"ruby_w9956","Display Name":"Ruby Wolf","Creation Timestamp":"2022-03-06 22:18:06 UTC","Last Modified Timestamp":"2022-03-06 22:18:06 UTC","Source":"added by unknown"},{"Username":"eliza0620","Display Name":"Elizabeth","Creation Timestamp":"2020-05-08 00:08:31 UTC","Last Modified Timestamp":"2020-05-08 00:08:31 UTC","Source":"added by unknown"},{"Username":"p_banvard9484","Display Name":"Polly Banvard","Creation Timestamp":"2021-05-30 13:56:01 UTC","Last Modified Timestamp":"2021-05-30 13:56:01 UTC","Source":"added by unknown"},{"Username":"melindariverara","Display Name":"Melinda Rivera Ramirez","Creation Timestamp":"2020-09-17 22:06:49 UTC","Last Modified Timestamp":"2020-09-17 22:06:49 UTC","Source":"added by unknown"},{"Username":"anita_rei","Display Name":"Rei of Sunshine","Creation Timestamp":"2020-01-27 13:17:16 UTC","Last Modified Timestamp":"2020-01-27 13:17:16 UTC","Source":"added by unknown"},{"Username":"efroz","Display Name":"Em Froese","Creation Timestamp":"2020-05-12 19:29:08 UTC","Last Modified Timestamp":"2020-05-12 19:29:08 UTC","Source":"added by unknown"},{"Username":"sjudd646","Display Name":"Samantha Judd","Creation Timestamp":"2022-08-27 17:02:17 UTC","Last Modified Timestamp":"2022-08-27 17:02:17 UTC","Source":"added by unknown"},{"Username":"imhannah","Display Name":"Hannah Rubin","Creation Timestamp":"2020-06-16 20:01:09 UTC","Last Modified Timestamp":"2020-06-16 20:01:09 UTC","Source":"added by unknown"},{"Username":"acollen14","Display Name":"Amanda","Creation Timestamp":"2021-01-31 04:13:29 UTC","Last Modified Timestamp":"2021-01-31 04:13:29 UTC","Source":"added by unknown"},{"Username":"angela_haack","Display Name":"Angela Haack","Creation Timestamp":"2022-05-03 22:35:42 UTC","Last Modified Timestamp":"2022-05-03 22:35:42 UTC","Source":"added by unknown"},{"Username":"m_edd7766","Display Name":"Marissa Edd","Creation Timestamp":"2022-03-23 12:28:07 UTC","Last Modified Timestamp":"2022-03-23 12:28:07 UTC","Source":"added by unknown"},{"Username":"jenniferann010","Display Name":"Jennifer","Creation Timestamp":"2020-05-08 00:56:18 UTC","Last Modified Timestamp":"2020-05-08 00:56:18 UTC","Source":"added by unknown"},{"Username":"sharonbatts22","Display Name":"Sharon Batts","Creation Timestamp":"2022-03-17 14:35:03 UTC","Last Modified Timestamp":"2022-03-17 14:35:03 UTC","Source":"added by unknown"},{"Username":"dmmc.21","Display Name":"Dawn Mc","Creation Timestamp":"2020-05-20 00:28:25 UTC","Last Modified Timestamp":"2020-05-20 00:28:25 UTC","Source":"added by unknown"},{"Username":"alexa_f7359","Display Name":"Alexa Fernandez","Creation Timestamp":"2023-04-20 05:58:54 UTC","Last Modified Timestamp":"2023-04-20 05:58:54 UTC","Source":"added by unknown"},{"Username":"mdsnwlkr","Display Name":"Madison  Walker","Creation Timestamp":"2021-10-28 14:54:43 UTC","Last Modified Timestamp":"2021-10-28 14:54:43 UTC","Source":"added by unknown"},{"Username":"kimadewell65","Display Name":"Kim Madewell","Creation Timestamp":"2022-08-14 13:32:52 UTC","Last Modified Timestamp":"2022-08-14 13:32:52 UTC","Source":"added by unknown"},{"Username":"missstig14","Display Name":"Krista","Creation Timestamp":"2020-02-13 03:53:09 UTC","Last Modified Timestamp":"2020-02-13 03:53:09 UTC","Source":"added by unknown"},{"Username":"duraiya.khan","Display Name":"duh_ray_uh ⚪","Creation Timestamp":"2020-08-20 03:23:47 UTC","Last Modified Timestamp":"2020-08-20 03:23:47 UTC","Source":"added by unknown"},{"Username":"dkendrick54","Display Name":"Diana Kendrick","Creation Timestamp":"2021-11-22 01:04:40 UTC","Last Modified Timestamp":"2021-11-22 01:04:40 UTC","Source":"added by unknown"},{"Username":"paz_wood228503","Display Name":"Paz Wood","Creation Timestamp":"2022-10-14 04:49:14 UTC","Last Modified Timestamp":"2022-10-14 04:49:14 UTC","Source":"added by unknown"},{"Username":"amandae904","Display Name":"Amanda Edd","Creation Timestamp":"2022-05-07 12:49:36 UTC","Last Modified Timestamp":"2022-05-07 12:49:36 UTC","Source":"added by unknown"},{"Username":"nicki6","Display Name":"Nicki Guidone","Creation Timestamp":"2021-12-17 17:56:05 UTC","Last Modified Timestamp":"2021-12-17 17:56:05 UTC","Source":"added by unknown"},{"Username":"victor_harvey22","Display Name":"VICTOR Harvey","Creation Timestamp":"2022-07-06 16:48:12 UTC","Last Modified Timestamp":"2022-07-06 16:48:12 UTC","Source":"added by unknown"},{"Username":"emma.holland","Display Name":"Emma Holland","Creation Timestamp":"2021-12-17 17:55:54 UTC","Last Modified Timestamp":"2021-12-17 17:55:54 UTC","Source":"added by unknown"},{"Username":"mandy-licious","Display Name":"Mandy White","Creation Timestamp":"2022-05-26 22:31:40 UTC","Last Modified Timestamp":"2022-05-26 22:31:40 UTC","Source":"added by unknown"},{"Username":"bridgetsleep520","Display Name":"Bridget Sleeper","Creation Timestamp":"2022-04-13 01:16:57 UTC","Last Modified Timestamp":"2022-04-13 01:16:57 UTC","Source":"added by unknown"},{"Username":"marlizrowe2","Display Name":"Maria Rowe","Creation Timestamp":"2023-02-07 17:52:49 UTC","Last Modified Timestamp":"2023-02-07 17:52:49 UTC","Source":"added by unknown"},{"Username":"catmdalton","Display Name":"Catherine Dalton","Creation Timestamp":"2020-01-27 05:08:27 UTC","Last Modified Timestamp":"2020-01-27 05:08:27 UTC","Source":"added by unknown"},{"Username":"alpharomeo04","Display Name":"Analisa Reyes ✈️","Creation Timestamp":"2020-04-07 08:21:49 UTC","Last Modified Timestamp":"2020-04-07 08:21:49 UTC","Source":"added by unknown"},{"Username":"parish2511","Display Name":"Sandy Parish","Creation Timestamp":"2021-05-23 07:23:27 UTC","Last Modified Timestamp":"2021-05-23 07:23:27 UTC","Source":"added by unknown"},{"Username":"georgia.gydod","Display Name":"Georgia","Creation Timestamp":"2023-04-20 05:59:18 UTC","Last Modified Timestamp":"2023-04-20 05:59:18 UTC","Source":"added by unknown"},{"Username":"joe_c9202","Display Name":"Joe","Creation Timestamp":"2023-02-21 21:06:44 UTC","Last Modified Timestamp":"2023-02-21 21:06:44 UTC","Source":"added by unknown"},{"Username":"vivian_kint156","Display Name":"Vivian Kint","Creation Timestamp":"2022-03-10 09:34:27 UTC","Last Modified Timestamp":"2022-03-10 09:34:27 UTC","Source":"added by unknown"},{"Username":"drdarin","Display Name":"Darin Jolly","Creation Timestamp":"2022-05-26 03:33:51 UTC","Last Modified Timestamp":"2022-05-26 03:33:51 UTC","Source":"added by unknown"},{"Username":"kerrycann943","Display Name":"Kerry Cann","Creation Timestamp":"2022-08-20 17:46:49 UTC","Last Modified Timestamp":"2022-08-20 17:46:49 UTC","Source":"added by unknown"},{"Username":"sophia.ywbdo","Display Name":"Sophia","Creation Timestamp":"2023-04-20 05:58:50 UTC","Last Modified Timestamp":"2023-04-20 05:58:50 UTC","Source":"added by unknown"},{"Username":"daniekent05","Display Name":"","Creation Timestamp":"2021-04-10 01:19:35 UTC","Last Modified Timestamp":"2021-04-10 01:19:35 UTC","Source":"added by unknown"},{"Username":"julia_yogno","Display Name":"Julia","Creation Timestamp":"2023-03-18 08:11:09 UTC","Last Modified Timestamp":"2023-03-18 08:11:09 UTC","Source":"added by unknown"},{"Username":"mdenison119","Display Name":"Marilyn Denison","Creation Timestamp":"2020-06-15 01:44:51 UTC","Last Modified Timestamp":"2020-06-15 01:44:51 UTC","Source":"added by unknown"},{"Username":"anne501372","Display Name":"Anne Julie","Creation Timestamp":"2023-03-16 01:12:05 UTC","Last Modified Timestamp":"2023-03-16 01:12:05 UTC","Source":"added by unknown"}],"Pending Requests":[{"Username":"larissa221724","Display Name":"Larissa Ustick","Creation Timestamp":"2022-10-12 13:30:06 UTC","Last Modified Timestamp":"2022-10-12 13:30:06 UTC","Source":"added by unknown"},{"Username":"cbash22527","Display Name":"Cecilia Bash","Creation Timestamp":"2022-09-03 16:16:59 UTC","Last Modified Timestamp":"2022-09-03 16:16:59 UTC","Source":"added by unknown"}],"Shortcuts":[]}