{"Report History":[{"Date":"2023-05-22 06:44:33 UTC","Type":"PUBLISHER_STORY_TILE","Reason":"report_reason_nudity_or_overly_sexualized_content","Description":""},{"Date":"2023-05-22 06:43:19 UTC","Type":"PUBLISHER_STORY_TILE","Reason":"report_reason_nudity_or_overly_sexualized_content","Description":""},{"Date":"2023-05-22 06:43:09 UTC","Type":"PUBLISHER_STORY_TILE","Reason":"report_reason_nudity_or_overly_sexualized_content","Description":""},{"Date":"2023-05-22 06:42:56 UTC","Type":"PUBLISHER_STORY_TILE","Reason":"report_reason_nudity_or_overly_sexualized_content","Description":""},{"Date":"2023-05-22 06:41:54 UTC","Type":"PUBLISHER_STORY_TILE","Reason":"report_reason_nudity_or_overly_sexualized_content","Description":""},{"Date":"2023-05-22 06:40:51 UTC","Type":"PUBLISHER_STORY_TILE","Reason":"report_reason_nudity_or_overly_sexualized_content","Description":""},{"Date":"2023-05-22 06:40:27 UTC","Type":"PUBLISHER_STORY_TILE","Reason":"report_reason_nudity_or_overly_sexualized_content","Description":""},{"Date":"2023-05-22 06:40:09 UTC","Type":"PUBLISHER_STORY_TILE","Reason":"report_reason_nudity_or_overly_sexualized_content","Description":""},{"Date":"2023-05-22 06:39:51 UTC","Type":"PUBLISHER_STORY_TILE","Reason":"report_reason_nudity_or_overly_sexualized_content","Description":""},{"Date":"2023-05-22 06:21:54 UTC","Type":"PUBLISHER_STORY","Reason":"report_snap_reason_its_an_inappropriate_snap_of_someone_else","Description":""},{"Date":"2023-05-22 06:21:12 UTC","Type":"PUBLISHER_STORY","Reason":"report_snap_reason_its_an_inappropriate_snap_of_someone_else","Description":""},{"Date":"2023-05-22 06:20:44 UTC","Type":"PUBLISHER_STORY","Reason":"report_snap_reason_its_an_inappropriate_snap_of_someone_else","Description":""}]}