{"Frequent Locations":[{"City":"dallas","Country":"usa","Region":"tx"},{"City":"phoenix","Country":"usa","Region":"az"}],"Latest Location":[{"City":"ft hood","Country":"usa","Region":"tx"}],"Home & Work":{},"Daily Top Locations":[],"Top Locations Per Six-Day Period":[],"Location History":[],"Businesses and public places you may have visited":[],"Areas you may have visited in the last two years":[{"Time":"2021/05/06 00:56:14 UTC","City":"austin","Region":"Texas","Postal Code":"78745"},{"Time":"2021/05/15 18:26:07 UTC","City":"irving","Region":"Texas","Postal Code":"75038"},{"Time":"2021/05/22 23:17:34 UTC","City":"arlington","Region":"Texas","Postal Code":"76006"},{"Time":"2021/06/07 16:38:55 UTC","City":"arlington","Region":"Texas","Postal Code":"76018"},{"Time":"2021/06/07 23:23:45 UTC","City":"austin","Region":"Texas","Postal Code":"78757"},{"Time":"2021/06/11 23:20:59 UTC","City":"arlington","Region":"Texas","Postal Code":"76016"},{"Time":"2021/06/16 18:40:59 UTC","City":"dallas","Region":"Texas","Postal Code":"75240"},{"Time":"2021/06/28 00:56:29 UTC","City":"arlington","Region":"Texas","Postal Code":"76017"},{"Time":"2021/07/01 11:55:21 UTC","City":"dallas","Region":"Texas","Postal Code":"75212"},{"Time":"2021/07/03 15:42:56 UTC","City":"dallas","Region":"Texas","Postal Code":"75204"},{"Time":"2021/07/03 15:43:06 UTC","City":"dallas","Region":"Texas","Postal Code":"75201"},{"Time":"2021/07/04 01:01:50 UTC","City":"denver","Region":"Colorado","Postal Code":"80221"},{"Time":"2021/07/04 22:44:40 UTC","City":"denver","Region":"Colorado","Postal Code":"80209"},{"Time":"2021/07/05 21:31:01 UTC","City":"allen","Region":"Texas","Postal Code":"75002"},{"Time":"2021/07/14 20:43:13 UTC","City":"grand prairie","Region":"Texas","Postal Code":"75052"},{"Time":"2021/07/15 02:36:50 UTC","City":"milwaukee","Region":"Wisconsin","Postal Code":"53202"},{"Time":"2021/07/31 16:11:40 UTC","City":"chicago","Region":"Illinois","Postal Code":"60657"},{"Time":"2021/07/31 16:11:45 UTC","City":"chicago","Region":"Illinois","Postal Code":"60646"},{"Time":"2021/08/04 17:21:54 UTC","City":"dallas","Region":"Texas","Postal Code":"75230"},{"Time":"2021/08/06 23:03:21 UTC","City":"arlington","Region":"Texas","Postal Code":"76013"},{"Time":"2021/08/08 21:01:10 UTC","City":"chicago","Region":"Illinois","Postal Code":"60652"},{"Time":"2021/08/14 21:51:47 UTC","City":"chicago","Region":"Illinois","Postal Code":"60639"},{"Time":"2021/08/26 02:17:07 UTC","City":"dallas","Region":"Texas","Postal Code":"75218"},{"Time":"2021/08/28 18:57:51 UTC","City":"milwaukee","Region":"Wisconsin","Postal Code":"53211"},{"Time":"2021/09/06 21:47:27 UTC","City":"ft worth","Region":"Texas","Postal Code":"76131"},{"Time":"2021/09/11 02:04:21 UTC","City":"chicago","Region":"Illinois","Postal Code":"60656"},{"Time":"2021/09/11 12:51:55 UTC","City":"excelsior springs","Region":"Missouri","Postal Code":"64024"},{"Time":"2021/09/11 23:53:17 UTC","City":"chicago","Region":"Illinois","Postal Code":"60623"},{"Time":"2021/09/15 19:25:44 UTC","City":"addison","Region":"Texas","Postal Code":"75001"},{"Time":"2021/09/17 22:19:42 UTC","City":"dallas","Region":"Texas","Postal Code":"75248"},{"Time":"2021/09/18 00:57:15 UTC","City":"dallas","Region":"Texas","Postal Code":"75229"},{"Time":"2021/09/27 13:21:20 UTC","City":"hurricane","Region":"Utah","Postal Code":"84737"},{"Time":"2021/10/17 17:01:31 UTC","City":"dallas","Region":"Texas","Postal Code":"75219"},{"Time":"2022/03/07 17:39:24 UTC","City":"elm grove","Region":"Wisconsin","Postal Code":"53122"},{"Time":"2022/03/08 01:36:15 UTC","City":"carrollton","Region":"Texas","Postal Code":"75006"},{"Time":"2022/03/12 04:37:52 UTC","City":"dallas","Region":"Texas","Postal Code":"75217"},{"Time":"2022/03/13 17:37:41 UTC","City":"san francisco","Region":"California","Postal Code":"94112"},{"Time":"2022/03/14 23:35:22 UTC","City":"seattle","Region":"Washington","Postal Code":"98122"},{"Time":"2022/03/15 04:07:10 UTC","City":"gypsum","Region":"Colorado","Postal Code":"81637"},{"Time":"2022/04/10 22:22:22 UTC","City":"katy","Region":"Texas","Postal Code":"77450"},{"Time":"2022/04/16 15:42:43 UTC","City":"ponder","Region":"Texas","Postal Code":"76259"},{"Time":"2022/05/14 14:22:17 UTC","City":"houston","Region":"Texas","Postal Code":"77063"},{"Time":"2022/05/15 12:32:09 UTC","City":"houston","Region":"Texas","Postal Code":"77069"},{"Time":"2022/05/25 23:20:52 UTC","City":"euless","Region":"Texas","Postal Code":"76040"},{"Time":"2022/06/08 21:12:36 UTC","City":"georgetown","Region":"Texas","Postal Code":"78628"},{"Time":"2022/07/01 22:07:50 UTC","City":"atlanta","Region":"Georgia","Postal Code":"30319"},{"Time":"2022/07/04 13:25:45 UTC","City":"stillwater","Region":"Oklahoma","Postal Code":"74075"},{"Time":"2022/07/06 14:31:45 UTC","City":"chicago","Region":"Illinois","Postal Code":"60629"},{"Time":"2022/07/09 01:55:53 UTC","City":"dallas","Region":"Texas","Postal Code":"75214"},{"Time":"2022/07/16 11:50:19 UTC","City":"okmulgee","Region":"Oklahoma","Postal Code":"74447"},{"Time":"2022/07/18 13:22:07 UTC","City":"tyler","Region":"Texas","Postal Code":"75702"},{"Time":"2022/07/30 16:11:56 UTC","City":"albuquerque","Region":"New Mexico","Postal Code":"87111"},{"Time":"2022/08/06 11:38:10 UTC","City":"mesa","Region":"Arizona","Postal Code":"85215"},{"Time":"2022/08/06 19:24:06 UTC","City":"monterey","Region":"Tennessee","Postal Code":"38574"},{"Time":"2022/08/06 19:24:21 UTC","City":"lubbock","Region":"Texas","Postal Code":"79424"},{"Time":"2022/08/13 12:59:10 UTC","City":"belton","Region":"Texas","Postal Code":"76513"},{"Time":"2022/08/19 21:27:14 UTC","City":"palestine","Region":"Texas","Postal Code":"75801"},{"Time":"2022/08/20 13:38:38 UTC","City":"portales","Region":"New Mexico","Postal Code":"88130"},{"Time":"2022/08/27 00:20:09 UTC","City":"baton rouge","Region":"Louisiana","Postal Code":"70809"},{"Time":"2022/08/27 17:48:21 UTC","City":"cypress","Region":"Texas","Postal Code":"77429"},{"Time":"2022/09/07 19:16:28 UTC","City":"denton","Region":"Texas","Postal Code":"76205"},{"Time":"2022/09/09 14:59:20 UTC","City":"tulsa","Region":"Oklahoma","Postal Code":"74105"},{"Time":"2022/09/24 22:08:02 UTC","City":"eagle pass","Region":"Texas","Postal Code":"78852"},{"Time":"2022/09/29 22:35:01 UTC","City":"walworth","Region":"Wisconsin","Postal Code":"53184"},{"Time":"2022/10/01 13:48:12 UTC","City":"bloomington","Region":"Illinois","Postal Code":"61704"},{"Time":"2022/10/01 22:53:21 UTC","City":"scottsboro","Region":"Alabama","Postal Code":"35768"},{"Time":"2022/10/03 15:48:17 UTC","City":"oklahoma city","Region":"Oklahoma","Postal Code":"73105"},{"Time":"2022/10/07 22:00:12 UTC","City":"victoria","Region":"Texas","Postal Code":"77905"},{"Time":"2022/10/10 22:21:45 UTC","City":"bentonville","Region":"Arkansas","Postal Code":"72712"},{"Time":"2022/10/13 02:03:28 UTC","City":"bogalusa","Region":"Louisiana","Postal Code":"70427"},{"Time":"2022/10/15 20:36:41 UTC","City":"moriarty","Region":"New Mexico","Postal Code":"87035"},{"Time":"2022/10/18 11:40:27 UTC","City":"rising star","Region":"Texas","Postal Code":"76471"},{"Time":"2022/10/20 12:37:54 UTC","City":"san antonio","Region":"Texas","Postal Code":"78210"},{"Time":"2022/10/24 20:27:09 UTC","City":"panama city","Region":"Florida","Postal Code":"32401"},{"Time":"2022/10/27 00:43:03 UTC","City":"gentry","Region":"Arkansas","Postal Code":"72734"},{"Time":"2022/10/30 13:27:24 UTC","City":"stilwell","Region":"Oklahoma","Postal Code":"74960"},{"Time":"2022/11/05 22:02:45 UTC","City":"eunice","Region":"Louisiana","Postal Code":"70535"},{"Time":"2022/11/10 15:20:40 UTC","City":"san antonio","Region":"Texas","Postal Code":"78213"},{"Time":"2022/11/14 23:13:51 UTC","City":"san antonio","Region":"Texas","Postal Code":"78229"},{"Time":"2022/11/19 21:24:18 UTC","City":"lipan","Region":"Texas","Postal Code":"76462"},{"Time":"2022/11/23 00:50:37 UTC","City":"westfield","Region":"Wisconsin","Postal Code":"53964"},{"Time":"2022/11/25 02:10:33 UTC","City":"prairie du sac","Region":"Wisconsin","Postal Code":"53578"},{"Time":"2022/11/25 20:29:23 UTC","City":"elmhurst","Region":"Illinois","Postal Code":"60126"},{"Time":"2022/11/27 19:42:23 UTC","City":"dallas","Region":"Texas","Postal Code":"75238"},{"Time":"2022/12/01 20:08:21 UTC","City":"colorado springs","Region":"Colorado","Postal Code":"80911"},{"Time":"2022/12/02 13:20:03 UTC","City":"desoto","Region":"Texas","Postal Code":"75115"},{"Time":"2022/12/03 23:35:35 UTC","City":"st louis","Region":"Missouri","Postal Code":"63123"},{"Time":"2022/12/06 01:42:41 UTC","City":"ft worth","Region":"Texas","Postal Code":"76119"},{"Time":"2022/12/11 15:23:15 UTC","City":"bossier city","Region":"Louisiana","Postal Code":"71111"},{"Time":"2022/12/22 18:17:52 UTC","City":"winfield","Region":"Kansas","Postal Code":"67156"},{"Time":"2022/12/24 05:53:28 UTC","City":"arkansas city","Region":"Kansas","Postal Code":"67005"},{"Time":"2023/01/18 12:23:45 UTC","City":"milford","Region":"Texas","Postal Code":"76670"},{"Time":"2023/01/22 17:56:09 UTC","City":"ft worth","Region":"Texas","Postal Code":"76179"},{"Time":"2023/01/25 17:40:42 UTC","City":"ft smith","Region":"Arkansas","Postal Code":"72903"},{"Time":"2023/02/08 14:06:14 UTC","City":"kremmling","Region":"Colorado","Postal Code":"80459"},{"Time":"2023/02/24 20:20:33 UTC","City":"starks","Region":"Louisiana","Postal Code":"70661"},{"Time":"2023/02/25 01:58:25 UTC","City":"austin","Region":"Texas","Postal Code":"78728"},{"Time":"2023/02/25 14:52:51 UTC","City":"austin","Region":"Texas","Postal Code":"78702"},{"Time":"2023/03/02 02:16:20 UTC","City":"mesa","Region":"Arizona","Postal Code":"85212"},{"Time":"2023/03/02 07:12:36 UTC","City":"santa maria","Region":"California","Postal Code":"93455"},{"Time":"2023/03/03 00:45:13 UTC","City":"coronado","Region":"California","Postal Code":"92178"},{"Time":"2023/03/03 05:14:22 UTC","City":"los angeles","Region":"California","Postal Code":"90017"},{"Time":"2023/03/03 23:21:28 UTC","City":"north hills","Region":"California","Postal Code":"91343"},{"Time":"2023/03/05 00:18:17 UTC","City":"little elm","Region":"Texas","Postal Code":"75068"},{"Time":"2023/03/07 00:09:52 UTC","City":"leonard","Region":"Texas","Postal Code":"75452"},{"Time":"2023/03/10 06:49:41 UTC","City":"austin","Region":"Texas","Postal Code":"78701"},{"Time":"2023/03/11 22:23:03 UTC","City":"houston","Region":"Texas","Postal Code":"77079"},{"Time":"2023/03/16 20:11:05 UTC","City":"little rock","Region":"Arkansas","Postal Code":"72212"},{"Time":"2023/03/21 22:37:13 UTC","City":"san angelo","Region":"Texas","Postal Code":"76904"},{"Time":"2023/03/25 23:02:57 UTC","City":"lake providence","Region":"Louisiana","Postal Code":"71254"},{"Time":"2023/04/02 18:54:06 UTC","City":"gulf shores","Region":"Alabama","Postal Code":"36542"},{"Time":"2023/04/07 16:58:08 UTC","City":"taylor","Region":"Arkansas","Postal Code":"71861"},{"Time":"2023/04/12 00:10:40 UTC","City":"allen","Region":"Texas","Postal Code":"75013"},{"Time":"2023/04/18 00:20:55 UTC","City":"frisco","Region":"Texas","Postal Code":"75035"},{"Time":"2023/04/19 00:29:42 UTC","City":"grand prairie","Region":"Texas","Postal Code":"75051"},{"Time":"2023/04/20 12:56:20 UTC","City":"dallas","Region":"Texas","Postal Code":"75226"},{"Time":"2023/04/24 22:42:50 UTC","City":"killeen","Region":"Texas","Postal Code":"76542"},{"Time":"2023/04/25 22:32:30 UTC","City":"doylestown","Region":"Pennsylvania","Postal Code":"18901"},{"Time":"2023/04/30 15:50:47 UTC","City":"dallas","Region":"Texas","Postal Code":"75252"},{"Time":"2023/05/01 22:11:59 UTC","City":"houston","Region":"Texas","Postal Code":"77040"},{"Time":"2023/05/01 22:37:29 UTC","City":"hennessey","Region":"Oklahoma","Postal Code":"73742"},{"Time":"2023/05/02 00:37:43 UTC","City":"lafayette","Region":"Louisiana","Postal Code":"70508"},{"Time":"2023/05/05 00:17:25 UTC","City":"ft worth","Region":"Texas","Postal Code":"76126"},{"Time":"2023/05/06 19:07:10 UTC","City":"mansfield","Region":"Texas","Postal Code":"76063"},{"Time":"2023/05/12 23:06:33 UTC","City":"lone oak","Region":"Texas","Postal Code":"75453"},{"Time":"2023/05/15 17:36:53 UTC","City":"dallas","Region":"Texas","Postal Code":"75205"},{"Time":"2023/05/19 23:18:04 UTC","City":"houston","Region":"Texas","Postal Code":"77084"},{"Time":"2023/05/26 18:54:16 UTC","City":"phoenix","Region":"Arizona","Postal Code":"85016"},{"Time":"2023/05/27 01:25:03 UTC","City":"dallas","Region":"Texas","Postal Code":"75206"},{"Time":"2023/05/27 20:44:52 UTC","City":"ft hood","Region":"Texas","Postal Code":"76544"}]}