{"Received Snap History":[{"From":"teamsnapchat","Media Type":"VIDEO","Created":"2023-05-29 17:50:34 UTC"},{"From":"bschmidt231","Media Type":"VIDEO","Created":"2023-05-29 12:47:49 UTC"},{"From":"bschmidt231","Media Type":"VIDEO","Created":"2023-05-29 12:47:45 UTC"},{"From":"bschmidt231","Media Type":"IMAGE","Created":"2023-05-29 12:47:43 UTC"},{"From":"DLR Texas","Media Type":"VIDEO","Created":"2023-05-28 18:27:50 UTC"},{"From":"DLR Texas","Media Type":"IMAGE","Created":"2023-05-27 22:19:03 UTC"},{"From":"DLR Texas","Media Type":"IMAGE","Created":"2023-05-27 22:06:04 UTC"},{"From":"DLR Texas","Media Type":"IMAGE","Created":"2023-05-27 15:23:19 UTC"},{"From":"DLR Texas","Media Type":"IMAGE","Created":"2023-05-26 19:32:48 UTC"},{"From":"DLR Texas","Media Type":"IMAGE","Created":"2023-05-22 12:03:20 UTC"},{"From":"bschmidt231","Media Type":"IMAGE","Created":"2023-05-18 18:16:50 UTC"}],"Sent Snap History":[{"To":"carmpit122","Media Type":"IMAGE","Created":"2023-03-19 04:21:37 UTC"}]}