{"App Profile":{"Country":"US","Creation Time":"2020-01-24 15:16:08 UTC","Account Creation Country":"US","Platform Version":"IOS","In-app Language":"en"},"Demographics":{"Cohort Age":"AGE_35_PLUS","Derived Ad Demographic":"MALE"},"Subscriptions":[],"Engagement":[{"Event":"Application Opens","Occurrences":271},{"Event":"Story Views","Occurrences":1094},{"Event":"Snaps Viewed in a Story","Occurrences":1126},{"Event":"Story Ads Viewed","Occurrences":178},{"Event":"Snap Views","Occurrences":191},{"Event":"Snap Sends","Occurrences":42},{"Event":"Chats Sent","Occurrences":45},{"Event":"Chats Viewed","Occurrences":148},{"Event":"Direct Snaps Created","Occurrences":35},{"Event":"Geofilter Story Snaps Viewed","Occurrences":38},{"Event":"Direct Snaps Viewed","Occurrences":9},{"Event":"Discover Editions Viewed","Occurrences":55},{"Event":"Discover Snap Views","Occurrences":209}],"Discover Channels Viewed":[{"Channel Name":"0cb979e3-eb31-49ec-9a95-4aee417097a9"},{"Channel Name":"0fb92aa1-2e3e-464a-962a-be94a2315e82"},{"Channel Name":"1b4747c6-6504-471f-8e1e-91b01e10dfcd"},{"Channel Name":"2922e709-3744-4a6a-834d-07e0ca696a0c"},{"Channel Name":"2ecb2213-971b-41b9-b3d7-5d0e9929c408"},{"Channel Name":"3242a64f-7a09-4f88-8612-adf1f2afa2ba"},{"Channel Name":"3cd01db7-cf90-4766-8b1a-261cd1beddbd"},{"Channel Name":"469be49b-bd11-4f52-aaf0-9725652f8297"},{"Channel Name":"4f312709-0997-4678-a0b0-5284df46786b"},{"Channel Name":"51be2951-c74a-4c78-bfce-59ce8d80a46c"},{"Channel Name":"62a29d21-c4a4-4fa3-82c8-1168412bc638"},{"Channel Name":"6990ce58-22b2-486a-9b4f-175a9d6acef6"},{"Channel Name":"761b28ce-e366-46c5-ae34-19b301485799"},{"Channel Name":"8625b6f8-a461-4eda-b686-e934cafaa6ce"},{"Channel Name":"8ecfe413-e83f-4cd6-a7d2-05b8c9fcb551"},{"Channel Name":"92efc2d5-d0df-4e1d-aff5-363e032a2486"},{"Channel Name":"964d2125-5941-4fa0-8d0c-9df8a6583964"},{"Channel Name":"ab8a6132-e15d-43e2-99bf-ab5d696837a8"},{"Channel Name":"b2a87d02-f028-4b5c-8215-ef1b53ecfc28"},{"Channel Name":"b8dc73fb-0825-4081-a07d-e993087ac846"},{"Channel Name":"d125ba79-c9fb-4c04-8b49-b25b8ebbbe5a"},{"Channel Name":"f1602b13-730b-4c31-8966-840a54599e29"},{"Channel Name":"fe083f27-ea77-4010-88f2-fc228a9c7263"}],"Breakdown of Time Spent on App":["Camera: 9.14%","Discover: 11.32%","Map: 0.11%","Memories: 0.43%","Messaging: 15.62%","Others: 45.57%","Profile: 17.82%"],"Ads You Interacted With":[{"Advertiser Name":"Essence Global (Universal Pictures)","Date":"2022-05-29"},{"Advertiser Name":"Marriott International ","Date":"2022-07-10"},{"Advertiser Name":"Amazon Services LLC","Date":"2022-07-17"},{"Advertiser Name":"Initiative","Date":"2022-08-20"},{"Advertiser Name":"FanDuel Inc","Date":"2022-09-04"},{"Advertiser Name":"Apple","Date":"2022-09-08"},{"Advertiser Name":"H&L Partners","Date":"2023-04-02"},{"Advertiser Name":"Electronic Arts","Date":"2023-04-29"},{"Advertiser Name":"Live Nation Entertainment","Date":"2023-05-04"},{"Advertiser Name":"Aster DM Healthcare","Date":"2023-05-07"}],"Interest Categories":["Business News Watchers","News Watchers","Political News Watchers","Celebrity News Watchers","Parents & Family-Focused","Techies & Gadget Fans - HEC","Frequent Domestic Travelers","Outdoor & Nature Enthusiasts","Travel Enthusiasts - HEC","Philanthropists","Pet & Animal Lovers","Frequent Travelers - HEC","Fun Trivia & Quiz Fanatics - HEC","Mobile Gamers - Casual","Talent & Competition Show Fans","Arts & Culture Mavens - HEC","Advocates & Activists - HEC","Teen & Young Adult Genre Fans","Math & Science Enthusiasts","Sharp-Dressed Men","Men's Lifestyle","Music Fans","Dance & Electronic Music Fans","Tech Buyers","Country Music Fans","Pop Music Fans","Indie & Alternative Music Fans","Hockey Fans - HEC","Snow Sport Enthusiasts - HEC","Burger Lovers - HEC","Coffee Lovers - HEC","Pizza Lovers - HEC","Fast Food Junkies","Gamers","Vegans & Organic Foodies","Mobile Gamers","Hipsters & Trendsetters","Green Living Enthusiasts","Fun Trivia & Quiz Fanatics","Home Decoristas","Sci-fi & Fantasy Fans - HEC","Chat Fiction Enthusiasts","Meme Watchers","Fitness Enthusiasts - HEC","Cycling Enthusiasts - HEC","Advocates & Activists","Cordcutters - HEC","Drama Genre Fans - HEC","Family Genre Fans - HEC","Discount & Thrifty Shoppers","Reality TV Fans","Sci-fi & Fantasy Fans","Romance & Rom-Com Fans","Fitness Enthusiasts","Superhero Film Fans","Running Enthusiasts","Dallas Cowboys Fans","Cycling Enthusiasts","Foodies","Crime & Mystery Genre Fans - HEC","World Cup Enthusiasts","Indie & Foreign Film Fans - HEC","Film & TV Fans - HEC","Social Drinkers","Beachgoers & Surfers - HEC","Coffee Lovers","Shopping Mall Shoppers","Comics & Animation Fans - HEC","Apple Store","Cricket Fans","Fashion & Style Gurus","Indie & Foreign Film Fans","Do-It-Yourselfers","Crime & Mystery Genre Fans","Action & Thriller Genre Fans","Film & TV Fans","Cordcutters","Arts & Culture Mavens","Adventure Seekers","Comedy Fans","Family Genre Fans","Beachgoers & Surfers","Music Fans - HEC","Drama Genre Fans","Automotive Enthusiasts","Concert & Festival Goers - HEC","Horror Genre Fans","Hipsters & Trendsetters - HEC","Wellness & Healthy Lifestyle","Travel Enthusiasts","Department Store Buyers","Business Travelers","Retail Buyers","Women's Lifestyle","Frequent Travelers","Fast Food Junkies - HEC","Gamers - HEC","New Phone Seekers","Street Sport Enthusiasts","Water Sport Enthusiasts","Tennis & Racquet Enthusiasts","Fight & Wrestling Fans","College Football Fans","Golfers","Motor Sports Fans","Soccer Enthusiasts","Shoppers - HEC","Frequent Domestic Travelers - HEC","Snow Sport Enthusiasts","Cosmetics Shoppers","Men's Fashion Shoppers","Jewelry & Watch Shoppers","American Football Fans - HEC","Basketball Fans","Shoppers","eSports Enthusiasts","Sports Fans","News Watchers - HEC","American Football Fans","Celebrity News Watchers - HEC","Outdoor & Nature Enthusiasts - HEC","Battle Combat & FPS Gamers","Mobile Gamers - Trivia","Pet & Animal Lovers - HEC","Comics & Animation Fans","Bookworms & Avid Readers","Beauty Mavens","Clubbers & Party People"],"Geographic Information":[],"Interactions":{"Web Interactions":["7-eleven.com","gap.com","seaworld.com","homedepot.com","nike.com","heatlesscurler.co","patreon.com","adidas.com","louisvuitton.com","dwr.com","adoreme.com","att.com","zazzle.com","tampax.com","google.com","dura-coating.com","mirror.co","brassring.com","shopify.com","partycity.com","cca.edu","gopuff.com","michaels.com","betterhelp.com","metaspoon.com","boohoo.com","ironchestmaster.com","glamour.com","hbomax.com","lovepopcards.com","popfitclothing.com","gruntstyle.com","thecut.com","onxmaps.com","pacsun.com","calpaktravel.com","matterport.com","trystealthnow.com","bicyclecards.com","complex.com","fabfitfun.com","missguidedus.com","sakara.com","boxlunch.com","wayfair.com","dickssportinggoods.com","kohls.com","metrobyt-mobile.com","chipotle.com","chubbiesshorts.com","containerstore.com","vogue.com","honeybook.com","soludos.com","massageenvy.com","mlb.com","trystealth.com","tickets.com","booking.com","spotify.com","ubereats.com","whowhatwear.com","petsmart.com","grubhub.com","jimmyjohns.com","wsj.com","iheart.com","moneywise.com","dsw.com","paramountplus.com","adobe.com","directv.com","usaa.com","marriott.com","newyorker.com","crateandbarrel.com","groupon.com","spartan.com","sonos.com","hugoboss.com","fubo.tv","madrabbittattoo.com","shein.com","ranker.com","nextdoor.com","pastfactory.com","hilton.com","investing.com","nationaldaycalendar.com","hydroflask.com","snapchat.com","fitbit.com","bing.com","doordash.com","prodigygame.com","thebrainypenny.com","bleacherreport.com","instacart.com","belk.com","cb2.com","vulture.com","bloomberg.com","urbo.com","airbnb.com","discover.com","kryptek.com","petco.com","hermanmiller.com","zyrtec.com","postmates.com","romwe.com","discoveryplus.com","pioneer.com","thepennyhoarder.com","niche.com","audible.com","shutterfly.com","cupshe.com","onepeloton.com"],"App Interactions":[]},"Off-Platform Sharing":[],"Mobile Ad Id":""}